,1,2,3,4,5,reviews_per_product,reviews_per_reviewer
CDs_and_Vinyl,0.224424011837,0.0424301561965,0.042087588102,0.0927703554691,0.598287888396,17.0319817513,14.5843896994
Electronics,0.0486263222329,0.205448416636,0.0643652453131,0.0842162032882,0.59734381253,26.8120823479,8.77942651622
Movies_and_TV,0.225617999768,0.0603287240955,0.11858502898,0.0613943882092,0.534073858947,33.9153879965,13.6941997419
