dataset_name,1,2,3,4,5,number_of_reviews,reviews_per_product,reviews_per_reviewer
Books,0.0363937451394,0.0466518469236,0.107348247479,0.249840863831,0.559765296627,8898040,24.1806392704,14.7399563999
CDs and Vinyl,0.042087588102,0.0424301561965,0.0927703554691,0.224424011837,0.598287888396,1097592,17.0319817513,14.5843896994
Electronics,0.0643652453131,0.0486263222329,0.0842162032882,0.205448416636,0.59734381253,1689188,26.8120823479,8.77942651622
Movies and TV,0.0613943882092,0.0603287240955,0.11858502898,0.225617999768,0.534073858947,1697533,33.9153879965,13.6941997419
